no1,no2
2.50029,3.0914
1.14447,0.5
6.61082,5.12323
7.91532,9.5
9.58157,9.21903
8.16335,8.71356
8.3303,8.32783
2.90018,2.22525
4.58738,4.33457
8.77463,6.63825
4.04384,3.51828
6.31744,6.42058
9.99769,9.5
1.74338,2.08149
1.74195,0.55616
7.79965,8.14211
2.48528,2.20084
3.54729,3.61683
6.72468,5.99547
1.22752,1.05287
