no1,no2
5.18806,5.84027
2.40647,2.1354
1.67986,2.65213
6.07764,6.3763
1.34631,0.5
7.48434,7.81286
3.51076,2.85506
9.90707,9.5
4.50056,4.59383
8.65694,7.76352
2.40712,4.22212
9.48185,9.5
4.8778,3.83387
7.79092,7.81612
8.40402,8.06828
2.25626,2.57587
2.35259,3.0321
6.69321,6.61142
5.94798,5.43573
1.40489,0.5
